{
  "root" : {
    "__class" : "RootNode",
    "children" : [
      {
        "__class" : "FrameNode",
        "aspectRatio" : null,
        "blendingEnabled" : 0,
        "blendingMode" : "normal",
        "bottom" : null,
        "centerAnchorX" : 0,
        "centerAnchorY" : 0,
        "children" : [
          {
            "__class" : "FrameNode",
            "aspectRatio" : null,
            "blendingEnabled" : 0,
            "blendingMode" : "normal",
            "bottom" : null,
            "centerAnchorX" : 0.5,
            "centerAnchorY" : 0.048725637181409293,
            "children" : [

            ],
            "clip" : false,
            "codeOverrideEnabled" : false,
            "constraintsLocked" : false,
            "deviceType" : null,
            "exportOptions" : [

            ],
            "fillColor" : "rgba(0, 153, 255, 0.5)",
            "fillEnabled" : true,
            "fillImage" : null,
            "fillImagePixelHeight" : null,
            "fillImagePixelWidth" : null,
            "fillImageResize" : "fill",
            "fillType" : "color",
            "guidesX" : [

            ],
            "guidesY" : [

            ],
            "height" : 65,
            "heightType" : 0,
            "id" : "wCQQOCFXD",
            "intrinsicHeight" : null,
            "intrinsicWidth" : null,
            "isExternalMaster" : null,
            "isMaster" : false,
            "isTarget" : false,
            "left" : 0,
            "locked" : false,
            "name" : "header",
            "navigationTarget" : null,
            "navigationTransition" : "push",
            "navigationTransitionBackdropColor" : "rgba(4,4,15,.4)",
            "navigationTransitionDirection" : "left",
            "opacity" : 1,
            "originalid" : null,
            "parentid" : "oZDWRmtrV",
            "previewSettings" : null,
            "radius" : 0,
            "radiusBottomLeft" : 0,
            "radiusBottomRight" : 0,
            "radiusIsRelative" : false,
            "radiusPerCorner" : false,
            "radiusTopLeft" : 0,
            "radiusTopRight" : 0,
            "replicaInfo" : null,
            "right" : 0,
            "rotation" : 0,
            "top" : 0,
            "visible" : true,
            "width" : 375,
            "widthType" : 0
          },
          {
            "__class" : "CodeComponentNode",
            "aspectRatio" : null,
            "bottom" : 86,
            "centerAnchorX" : 0.13866666666666666,
            "centerAnchorY" : 0.83358320839580213,
            "children" : [

            ],
            "clip" : true,
            "codeComponentIdentifier" : ".\/rnp-activityindicator.tsx_RNPActivityIndicator",
            "codeComponentProps" : {
              "animating" : true,
              "hidesWhenStopped" : true,
              "size" : "small"
            },
            "codeOverrideEnabled" : false,
            "constraintsLocked" : false,
            "deviceType" : null,
            "exportOptions" : [

            ],
            "fillColor" : "rgba(255,255,255,1)",
            "fillEnabled" : false,
            "fillImage" : null,
            "fillImagePixelHeight" : null,
            "fillImagePixelWidth" : null,
            "fillImageResize" : "fill",
            "fillType" : "color",
            "height" : 50,
            "heightType" : 0,
            "id" : "W25Mizrcq",
            "intrinsicHeight" : 40,
            "intrinsicWidth" : 140,
            "left" : 27,
            "locked" : false,
            "name" : null,
            "opacity" : 1,
            "originalid" : null,
            "parentid" : "oZDWRmtrV",
            "previewSettings" : null,
            "radius" : 0,
            "radiusBottomLeft" : 0,
            "radiusBottomRight" : 0,
            "radiusIsRelative" : false,
            "radiusPerCorner" : false,
            "radiusTopLeft" : 0,
            "radiusTopRight" : 0,
            "right" : null,
            "rotation" : 0,
            "top" : null,
            "visible" : true,
            "width" : 50,
            "widthType" : 0
          },
          {
            "__class" : "CodeComponentNode",
            "aspectRatio" : null,
            "bottom" : null,
            "centerAnchorX" : 0.5013333333333333,
            "centerAnchorY" : 0.20914542728635682,
            "children" : [

            ],
            "clip" : true,
            "codeComponentIdentifier" : "@framer\/talkaboutdesign.design-hunt\/.\/Design_Hunt.tsx_Design_Hunt",
            "codeComponentProps" : {
              "fill" : "cover",
              "radius" : 0
            },
            "codeOverrideEnabled" : false,
            "constraintsLocked" : false,
            "deviceType" : null,
            "exportOptions" : [

            ],
            "fillColor" : "rgba(255,255,255,1)",
            "fillEnabled" : false,
            "fillImage" : null,
            "fillImagePixelHeight" : null,
            "fillImagePixelWidth" : null,
            "fillImageResize" : "fill",
            "fillType" : "color",
            "height" : 129,
            "heightType" : 0,
            "id" : "D1DQMMxxI",
            "intrinsicHeight" : null,
            "intrinsicWidth" : null,
            "left" : 11,
            "locked" : false,
            "name" : null,
            "opacity" : 1,
            "originalid" : null,
            "parentid" : "oZDWRmtrV",
            "previewSettings" : null,
            "radius" : 0,
            "radiusBottomLeft" : 0,
            "radiusBottomRight" : 0,
            "radiusIsRelative" : false,
            "radiusPerCorner" : false,
            "radiusTopLeft" : 0,
            "radiusTopRight" : 0,
            "right" : 10,
            "rotation" : 0,
            "top" : 75,
            "visible" : true,
            "width" : 354,
            "widthType" : 0
          },
          {
            "__class" : "CodeComponentNode",
            "aspectRatio" : null,
            "bottom" : 239,
            "centerAnchorX" : 0.78666666666666663,
            "centerAnchorY" : 0.61169415292353824,
            "children" : [

            ],
            "clip" : true,
            "codeComponentIdentifier" : ".\/rnp-button.tsx_RNPButton",
            "codeComponentProps" : {
              "mode" : "text",
              "uppercase" : true
            },
            "codeOverrideEnabled" : false,
            "constraintsLocked" : false,
            "deviceType" : null,
            "exportOptions" : [

            ],
            "fillColor" : "rgba(255,255,255,1)",
            "fillEnabled" : false,
            "fillImage" : null,
            "fillImagePixelHeight" : null,
            "fillImagePixelWidth" : null,
            "fillImageResize" : "fill",
            "fillType" : "color",
            "height" : 40,
            "heightType" : 0,
            "id" : "LnVLuic5Y",
            "intrinsicHeight" : 40,
            "intrinsicWidth" : 140,
            "left" : null,
            "locked" : false,
            "name" : null,
            "opacity" : 1,
            "originalid" : null,
            "parentid" : "oZDWRmtrV",
            "previewSettings" : null,
            "radius" : 0,
            "radiusBottomLeft" : 0,
            "radiusBottomRight" : 0,
            "radiusIsRelative" : false,
            "radiusPerCorner" : false,
            "radiusTopLeft" : 0,
            "radiusTopRight" : 0,
            "right" : 10,
            "rotation" : 0,
            "top" : null,
            "visible" : true,
            "width" : 140,
            "widthType" : 0
          },
          {
            "__class" : "CodeComponentNode",
            "aspectRatio" : null,
            "bottom" : 203,
            "centerAnchorX" : 0.78266666666666662,
            "centerAnchorY" : 0.66866566716641684,
            "children" : [

            ],
            "clip" : true,
            "codeComponentIdentifier" : ".\/Tooltip.tsx_Tooltip",
            "codeComponentProps" : {
              "arrow" : "left",
              "error" : false,
              "text" : "This is a cool feature"
            },
            "codeOverrideEnabled" : false,
            "constraintsLocked" : false,
            "deviceType" : null,
            "exportOptions" : [

            ],
            "fillColor" : "rgba(255,255,255,1)",
            "fillEnabled" : false,
            "fillImage" : null,
            "fillImagePixelHeight" : null,
            "fillImagePixelWidth" : null,
            "fillImageResize" : "fill",
            "fillType" : "color",
            "height" : 36,
            "heightType" : 0,
            "id" : "KInDWYX5r",
            "intrinsicHeight" : 24,
            "intrinsicWidth" : 122,
            "left" : null,
            "locked" : false,
            "name" : null,
            "opacity" : 1,
            "originalid" : null,
            "parentid" : "oZDWRmtrV",
            "previewSettings" : null,
            "radius" : 0,
            "radiusBottomLeft" : 0,
            "radiusBottomRight" : 0,
            "radiusIsRelative" : false,
            "radiusPerCorner" : false,
            "radiusTopLeft" : 0,
            "radiusTopRight" : 0,
            "right" : 22,
            "rotation" : 0,
            "top" : null,
            "visible" : true,
            "width" : 119,
            "widthType" : 0
          },
          {
            "__class" : "CodeComponentNode",
            "aspectRatio" : null,
            "bottom" : null,
            "centerAnchorX" : 0.25866666666666666,
            "centerAnchorY" : 0.44227886056971516,
            "children" : [

            ],
            "clip" : true,
            "codeComponentIdentifier" : ".\/rnp-button.tsx_RNPButton",
            "codeComponentProps" : {
              "children_ours" : "someytfy",
              "color" : "",
              "mode" : "contained",
              "uppercase" : true
            },
            "codeOverrideEnabled" : false,
            "constraintsLocked" : false,
            "deviceType" : null,
            "exportOptions" : [

            ],
            "fillColor" : "rgba(255,255,255,1)",
            "fillEnabled" : false,
            "fillImage" : null,
            "fillImagePixelHeight" : null,
            "fillImagePixelWidth" : null,
            "fillImageResize" : "fill",
            "fillType" : "color",
            "height" : 40,
            "heightType" : 0,
            "id" : "iEDLrc9mS",
            "intrinsicHeight" : 40,
            "intrinsicWidth" : 140,
            "left" : 27,
            "locked" : false,
            "name" : null,
            "opacity" : 1,
            "originalid" : null,
            "parentid" : "oZDWRmtrV",
            "previewSettings" : null,
            "radius" : 0,
            "radiusBottomLeft" : 0,
            "radiusBottomRight" : 0,
            "radiusIsRelative" : false,
            "radiusPerCorner" : false,
            "radiusTopLeft" : 0,
            "radiusTopRight" : 0,
            "right" : null,
            "rotation" : 0,
            "top" : 275,
            "visible" : true,
            "width" : 140,
            "widthType" : 0
          },
          {
            "__class" : "CodeComponentNode",
            "aspectRatio" : null,
            "bottom" : null,
            "centerAnchorX" : 0.77333333333333332,
            "centerAnchorY" : 0.44227886056971516,
            "children" : [

            ],
            "clip" : true,
            "codeComponentIdentifier" : ".\/rnp-button.tsx_RNPButton",
            "codeComponentProps" : {
              "children_ours" : "whatevs",
              "mode" : "contained",
              "uppercase" : true
            },
            "codeOverrideEnabled" : false,
            "constraintsLocked" : false,
            "deviceType" : null,
            "exportOptions" : [

            ],
            "fillColor" : "rgba(255,255,255,1)",
            "fillEnabled" : false,
            "fillImage" : null,
            "fillImagePixelHeight" : null,
            "fillImagePixelWidth" : null,
            "fillImageResize" : "fill",
            "fillType" : "color",
            "height" : 40,
            "heightType" : 0,
            "id" : "zFYQsHnlF",
            "intrinsicHeight" : 40,
            "intrinsicWidth" : 140,
            "left" : null,
            "locked" : false,
            "name" : null,
            "opacity" : 1,
            "originalid" : null,
            "parentid" : "oZDWRmtrV",
            "previewSettings" : null,
            "radius" : 0,
            "radiusBottomLeft" : 0,
            "radiusBottomRight" : 0,
            "radiusIsRelative" : false,
            "radiusPerCorner" : false,
            "radiusTopLeft" : 0,
            "radiusTopRight" : 0,
            "right" : 15,
            "rotation" : 0,
            "top" : 275,
            "visible" : true,
            "width" : 140,
            "widthType" : 0
          },
          {
            "__class" : "CodeComponentNode",
            "aspectRatio" : null,
            "bottom" : 197,
            "centerAnchorX" : 0.32000000000000001,
            "centerAnchorY" : 0.60194902548725637,
            "children" : [

            ],
            "clip" : true,
            "codeComponentIdentifier" : ".\/rnp-card.tsx_RNPCard",
            "codeComponentProps" : {
              "elevation" : 23
            },
            "codeOverrideEnabled" : false,
            "constraintsLocked" : false,
            "deviceType" : null,
            "exportOptions" : [

            ],
            "fillColor" : "rgba(255,255,255,1)",
            "fillEnabled" : false,
            "fillImage" : null,
            "fillImagePixelHeight" : null,
            "fillImagePixelWidth" : null,
            "fillImageResize" : "fill",
            "fillType" : "color",
            "height" : 137,
            "heightType" : 0,
            "id" : "hCp_T0tVV",
            "intrinsicHeight" : 40,
            "intrinsicWidth" : 140,
            "left" : 27,
            "locked" : false,
            "name" : null,
            "opacity" : 1,
            "originalid" : null,
            "parentid" : "oZDWRmtrV",
            "previewSettings" : null,
            "radius" : 0,
            "radiusBottomLeft" : 0,
            "radiusBottomRight" : 0,
            "radiusIsRelative" : false,
            "radiusPerCorner" : false,
            "radiusTopLeft" : 0,
            "radiusTopRight" : 0,
            "right" : null,
            "rotation" : 0,
            "top" : null,
            "visible" : true,
            "width" : 186,
            "widthType" : 0
          },
          {
            "__class" : "CodeComponentNode",
            "aspectRatio" : null,
            "bottom" : 146,
            "centerAnchorX" : 0.30399999999999999,
            "centerAnchorY" : 0.7503748125937032,
            "children" : [

            ],
            "clip" : true,
            "codeComponentIdentifier" : ".\/rnp-button.tsx_RNPButton",
            "codeComponentProps" : {
              "children_ours" : "another button",
              "compact" : true,
              "mode" : "contained",
              "uppercase" : true
            },
            "codeOverrideEnabled" : false,
            "constraintsLocked" : false,
            "deviceType" : null,
            "exportOptions" : [

            ],
            "fillColor" : "rgba(255,255,255,1)",
            "fillEnabled" : false,
            "fillImage" : null,
            "fillImagePixelHeight" : null,
            "fillImagePixelWidth" : null,
            "fillImageResize" : "fill",
            "fillType" : "color",
            "height" : 41,
            "heightType" : 0,
            "id" : "v8mi8ZNaE",
            "intrinsicHeight" : 40,
            "intrinsicWidth" : 140,
            "left" : 27,
            "locked" : false,
            "name" : null,
            "opacity" : 1,
            "originalid" : null,
            "parentid" : "oZDWRmtrV",
            "previewSettings" : null,
            "radius" : 0,
            "radiusBottomLeft" : 0,
            "radiusBottomRight" : 0,
            "radiusIsRelative" : false,
            "radiusPerCorner" : false,
            "radiusTopLeft" : 0,
            "radiusTopRight" : 0,
            "right" : null,
            "rotation" : 0,
            "top" : null,
            "visible" : true,
            "width" : 174,
            "widthType" : 0
          },
          {
            "__class" : "CodeComponentNode",
            "aspectRatio" : null,
            "bottom" : 43,
            "centerAnchorX" : 0.72799999999999998,
            "centerAnchorY" : 0.81709145427286356,
            "children" : [

            ],
            "clip" : true,
            "codeComponentIdentifier" : ".\/rnp-drawersection.tsx_RNPDrawerSection",
            "codeComponentProps" : {
              "title" : "section"
            },
            "codeOverrideEnabled" : false,
            "constraintsLocked" : false,
            "deviceType" : null,
            "exportOptions" : [

            ],
            "fillColor" : "rgba(255,255,255,1)",
            "fillEnabled" : false,
            "fillImage" : null,
            "fillImagePixelHeight" : null,
            "fillImagePixelWidth" : null,
            "fillImageResize" : "fill",
            "fillType" : "color",
            "height" : 158,
            "heightType" : 0,
            "id" : "QowTFmmLu",
            "intrinsicHeight" : 40,
            "intrinsicWidth" : 140,
            "left" : null,
            "locked" : false,
            "name" : null,
            "opacity" : 1,
            "originalid" : null,
            "parentid" : "oZDWRmtrV",
            "previewSettings" : null,
            "radius" : 0,
            "radiusBottomLeft" : 0,
            "radiusBottomRight" : 0,
            "radiusIsRelative" : false,
            "radiusPerCorner" : false,
            "radiusTopLeft" : 0,
            "radiusTopRight" : 0,
            "right" : 22,
            "rotation" : 0,
            "top" : null,
            "visible" : true,
            "width" : 160,
            "widthType" : 0
          },
          {
            "__class" : "CodeComponentNode",
            "aspectRatio" : null,
            "bottom" : 43,
            "centerAnchorX" : 0.30399999999999999,
            "centerAnchorY" : 0.90554722638680663,
            "children" : [

            ],
            "clip" : true,
            "codeComponentIdentifier" : ".\/rnp-draweritem.tsx_RNPDrawerItem",
            "codeComponentProps" : {
              "label" : "item 1"
            },
            "codeOverrideEnabled" : false,
            "constraintsLocked" : false,
            "deviceType" : null,
            "exportOptions" : [

            ],
            "fillColor" : "rgba(255,255,255,1)",
            "fillEnabled" : false,
            "fillImage" : null,
            "fillImagePixelHeight" : null,
            "fillImagePixelWidth" : null,
            "fillImageResize" : "fill",
            "fillType" : "color",
            "height" : 40,
            "heightType" : 0,
            "id" : "CGW9ahCm2",
            "intrinsicHeight" : 40,
            "intrinsicWidth" : 140,
            "left" : 44,
            "locked" : false,
            "name" : null,
            "opacity" : 1,
            "originalid" : null,
            "parentid" : "oZDWRmtrV",
            "previewSettings" : null,
            "radius" : 0,
            "radiusBottomLeft" : 0,
            "radiusBottomRight" : 0,
            "radiusIsRelative" : false,
            "radiusPerCorner" : false,
            "radiusTopLeft" : 0,
            "radiusTopRight" : 0,
            "right" : null,
            "rotation" : 0,
            "top" : null,
            "visible" : true,
            "width" : 140,
            "widthType" : 0
          },
          {
            "__class" : "CodeComponentNode",
            "aspectRatio" : null,
            "bottom" : null,
            "centerAnchorX" : 0,
            "centerAnchorY" : 0,
            "children" : [

            ],
            "clip" : true,
            "codeComponentIdentifier" : ".\/rnp-divider.tsx_RNPDivider",
            "codeComponentProps" : {

            },
            "codeOverrideEnabled" : false,
            "constraintsLocked" : false,
            "deviceType" : null,
            "exportOptions" : [

            ],
            "fillColor" : "rgba(255,255,255,1)",
            "fillEnabled" : false,
            "fillImage" : null,
            "fillImagePixelHeight" : null,
            "fillImagePixelWidth" : null,
            "fillImageResize" : "fill",
            "fillType" : "color",
            "height" : 40,
            "heightType" : 0,
            "id" : "iWsY3rZwn",
            "intrinsicHeight" : 40,
            "intrinsicWidth" : 140,
            "left" : 74,
            "locked" : false,
            "name" : null,
            "opacity" : 1,
            "originalid" : null,
            "parentid" : "oZDWRmtrV",
            "previewSettings" : null,
            "radius" : 0,
            "radiusBottomLeft" : 0,
            "radiusBottomRight" : 0,
            "radiusIsRelative" : false,
            "radiusPerCorner" : false,
            "radiusTopLeft" : 0,
            "radiusTopRight" : 0,
            "right" : null,
            "rotation" : 0,
            "top" : 198,
            "visible" : true,
            "width" : 140,
            "widthType" : 0
          },
          {
            "__class" : "CodeComponentNode",
            "aspectRatio" : null,
            "bottom" : null,
            "centerAnchorX" : 0,
            "centerAnchorY" : 0,
            "children" : [

            ],
            "clip" : true,
            "codeComponentIdentifier" : ".\/rnp-dialog.tsx_RNPDialog",
            "codeComponentProps" : {
              "dismissable" : true,
              "visible" : true
            },
            "codeOverrideEnabled" : false,
            "constraintsLocked" : false,
            "deviceType" : null,
            "exportOptions" : [

            ],
            "fillColor" : "rgba(255,255,255,1)",
            "fillEnabled" : false,
            "fillImage" : null,
            "fillImagePixelHeight" : null,
            "fillImagePixelWidth" : null,
            "fillImageResize" : "fill",
            "fillType" : "color",
            "height" : 40,
            "heightType" : 0,
            "id" : "T2TPhvqpW",
            "intrinsicHeight" : 40,
            "intrinsicWidth" : 140,
            "left" : 93,
            "locked" : false,
            "name" : null,
            "opacity" : 1,
            "originalid" : null,
            "parentid" : "oZDWRmtrV",
            "previewSettings" : null,
            "radius" : 0,
            "radiusBottomLeft" : 0,
            "radiusBottomRight" : 0,
            "radiusIsRelative" : false,
            "radiusPerCorner" : false,
            "radiusTopLeft" : 0,
            "radiusTopRight" : 0,
            "right" : null,
            "rotation" : 0,
            "top" : 623,
            "visible" : true,
            "width" : 140,
            "widthType" : 0
          }
        ],
        "clip" : true,
        "codeOverrideEnabled" : true,
        "constraintsLocked" : false,
        "deviceType" : "framer\/FramerAppleIPhone8",
        "exportOptions" : [

        ],
        "fillColor" : "hsl(0, 25%, 91%)",
        "fillEnabled" : true,
        "fillImage" : null,
        "fillImagePixelHeight" : null,
        "fillImagePixelWidth" : null,
        "fillImageResize" : "fill",
        "fillType" : "color",
        "guidesX" : [

        ],
        "guidesY" : [

        ],
        "height" : 667,
        "heightType" : 0,
        "id" : "oZDWRmtrV",
        "intrinsicHeight" : null,
        "intrinsicWidth" : null,
        "isExternalMaster" : null,
        "isMaster" : false,
        "isTarget" : false,
        "left" : 477,
        "locked" : false,
        "name" : null,
        "navigationTarget" : null,
        "navigationTransition" : "push",
        "navigationTransitionBackdropColor" : "rgba(4,4,15,.4)",
        "navigationTransitionDirection" : "left",
        "opacity" : 1,
        "originalid" : null,
        "parentid" : "iEDNh42Sf",
        "previewSettings" : null,
        "radius" : 0,
        "radiusBottomLeft" : 0,
        "radiusBottomRight" : 0,
        "radiusIsRelative" : false,
        "radiusPerCorner" : false,
        "radiusTopLeft" : 0,
        "radiusTopRight" : 0,
        "replicaInfo" : null,
        "right" : null,
        "rotation" : 0,
        "top" : 5,
        "visible" : true,
        "width" : 375,
        "widthType" : 0
      }
    ],
    "guidesX" : [

    ],
    "guidesY" : [

    ],
    "id" : "iEDNh42Sf",
    "name" : null,
    "originalid" : null,
    "parentid" : null,
    "tokens" : {
      "1ce8a50f-dd31-4e55-ba15-6c84854d5d0c" : {
        "__class" : "ColorTokenNode",
        "id" : "1ce8a50f-dd31-4e55-ba15-6c84854d5d0c",
        "name" : "body",
        "value" : "rgb(34, 34, 34)"
      },
      "2b6bfc32-829f-4814-be3b-60654e21a30e" : {
        "__class" : "ColorTokenNode",
        "id" : "2b6bfc32-829f-4814-be3b-60654e21a30e",
        "name" : "primaryLight",
        "value" : "rgb(238, 238, 255)"
      },
      "7caa12b7-f39b-4537-9c92-99aa1b26b588" : {
        "__class" : "ColorTokenNode",
        "id" : "7caa12b7-f39b-4537-9c92-99aa1b26b588",
        "name" : "paneBorder",
        "value" : "rgba(0, 0, 0, 0.1)"
      },
      "9e0626a5-2352-4f3d-a566-b3a1a34194dc" : {
        "__class" : "ColorTokenNode",
        "id" : "9e0626a5-2352-4f3d-a566-b3a1a34194dc",
        "name" : "paneBgDark",
        "value" : "rgb(253, 253, 253)"
      },
      "33a42542-13e4-4557-867a-b72815d965c1" : {
        "__class" : "ColorTokenNode",
        "id" : "33a42542-13e4-4557-867a-b72815d965c1",
        "name" : "bodyLighter",
        "value" : "rgb(102, 102, 102)"
      },
      "862a949e-bb2a-4675-a4ad-b7f07dfee5b4" : {
        "__class" : "ColorTokenNode",
        "id" : "862a949e-bb2a-4675-a4ad-b7f07dfee5b4",
        "name" : "dangerLight",
        "value" : "rgb(255, 221, 221)"
      },
      "09721c23-f483-439c-b215-c944db4cb740" : {
        "__class" : "ColorTokenNode",
        "id" : "09721c23-f483-439c-b215-c944db4cb740",
        "name" : "dangerDark",
        "value" : "rgb(255, 51, 68)"
      },
      "a8df0a83-9a4d-4a65-8b97-43d425169d4d" : {
        "__class" : "ColorTokenNode",
        "id" : "a8df0a83-9a4d-4a65-8b97-43d425169d4d",
        "name" : "primaryDark",
        "value" : "rgb(119, 68, 204)"
      },
      "c09024f7-9e50-4a71-a347-75d942c31fc1" : {
        "__class" : "ColorTokenNode",
        "id" : "c09024f7-9e50-4a71-a347-75d942c31fc1",
        "name" : "paneBg",
        "value" : "rgb(255, 255, 255)"
      },
      "dc87bb81-7419-4d7d-bc84-efea7652bca8" : {
        "__class" : "ColorTokenNode",
        "id" : "dc87bb81-7419-4d7d-bc84-efea7652bca8",
        "name" : "bodyLightest",
        "value" : "rgb(170, 170, 170)"
      },
      "e10fc84d-f05a-43b1-a3fc-dcfb01e5bf90" : {
        "__class" : "ColorTokenNode",
        "id" : "e10fc84d-f05a-43b1-a3fc-dcfb01e5bf90",
        "name" : "primary",
        "value" : "rgb(119, 85, 204)"
      },
      "ef2fa636-c420-4df3-b145-72d3e608a159" : {
        "__class" : "ColorTokenNode",
        "id" : "ef2fa636-c420-4df3-b145-72d3e608a159",
        "name" : "danger",
        "value" : "rgb(255, 68, 68)"
      },
      "ef047df5-f7ea-4b13-9a0c-c74f0fbe895f" : {
        "__class" : "ColorTokenNode",
        "id" : "ef047df5-f7ea-4b13-9a0c-c74f0fbe895f",
        "name" : "bodyLight",
        "value" : "rgb(68, 68, 68)"
      }
    },
    "tokensIndex" : [
      "c09024f7-9e50-4a71-a347-75d942c31fc1",
      "9e0626a5-2352-4f3d-a566-b3a1a34194dc",
      "7caa12b7-f39b-4537-9c92-99aa1b26b588",
      "e10fc84d-f05a-43b1-a3fc-dcfb01e5bf90",
      "a8df0a83-9a4d-4a65-8b97-43d425169d4d",
      "2b6bfc32-829f-4814-be3b-60654e21a30e",
      "ef2fa636-c420-4df3-b145-72d3e608a159",
      "09721c23-f483-439c-b215-c944db4cb740",
      "862a949e-bb2a-4675-a4ad-b7f07dfee5b4",
      "1ce8a50f-dd31-4e55-ba15-6c84854d5d0c",
      "ef047df5-f7ea-4b13-9a0c-c74f0fbe895f",
      "33a42542-13e4-4557-867a-b72815d965c1",
      "dc87bb81-7419-4d7d-bc84-efea7652bca8"
    ],
    "visible" : false
  },
  "version" : 54
}