{
  "root" : {
    "__class" : "RootNode",
    "children" : [
      {
        "__class" : "FrameNode",
        "aspectRatio" : null,
        "blendingEnabled" : 0,
        "blendingMode" : "normal",
        "bottom" : null,
        "centerAnchorX" : 0,
        "centerAnchorY" : 0,
        "children" : [
          {
            "__class" : "CodeComponentNode",
            "aspectRatio" : null,
            "bottom" : 0,
            "centerAnchorX" : 0.5,
            "centerAnchorY" : 0.63858695652173914,
            "children" : [

            ],
            "clip" : true,
            "codeComponentIdentifier" : ".\/rnp-card.tsx_RNPCard",
            "codeComponentProps" : {
              "children" : [
                {
                  "enabled" : true,
                  "type" : "componentinstance",
                  "value" : "lMPK9TALL"
                }
              ],
              "elevation" : 1
            },
            "codeOverrideEnabled" : false,
            "constraintsLocked" : false,
            "deviceType" : null,
            "exportOptions" : [

            ],
            "fillColor" : "rgba(255,255,255,1)",
            "fillEnabled" : false,
            "fillImage" : null,
            "fillImagePixelHeight" : null,
            "fillImagePixelWidth" : null,
            "fillImageResize" : "fill",
            "fillType" : "color",
            "height" : 432,
            "heightType" : 0,
            "id" : "l7oPCrjnD",
            "intrinsicHeight" : 40,
            "intrinsicWidth" : 140,
            "left" : 0,
            "locked" : false,
            "name" : null,
            "opacity" : 1,
            "originalid" : null,
            "parentid" : "hCyNrTa9Q",
            "previewSettings" : null,
            "radius" : 0,
            "radiusBottomLeft" : 0,
            "radiusBottomRight" : 0,
            "radiusIsRelative" : false,
            "radiusPerCorner" : false,
            "radiusTopLeft" : 0,
            "radiusTopRight" : 0,
            "right" : 0,
            "rotation" : 0,
            "top" : null,
            "visible" : true,
            "width" : 414,
            "widthType" : 0
          }
        ],
        "clip" : false,
        "codeOverrideEnabled" : false,
        "constraintsLocked" : false,
        "deviceType" : "framer\/FramerAppleIPhone8Plus",
        "exportOptions" : [

        ],
        "fillColor" : "rgba(255,255,255,1)",
        "fillEnabled" : true,
        "fillImage" : null,
        "fillImagePixelHeight" : null,
        "fillImagePixelWidth" : null,
        "fillImageResize" : "fill",
        "fillType" : "color",
        "guidesX" : [

        ],
        "guidesY" : [

        ],
        "height" : 736,
        "heightType" : 0,
        "id" : "hCyNrTa9Q",
        "intrinsicHeight" : null,
        "intrinsicWidth" : null,
        "isExternalMaster" : null,
        "isMaster" : false,
        "isTarget" : false,
        "left" : 986,
        "locked" : false,
        "name" : null,
        "navigationTarget" : null,
        "navigationTransition" : "push",
        "navigationTransitionBackdropColor" : "rgba(4,4,15,.4)",
        "navigationTransitionDirection" : "left",
        "opacity" : 1,
        "originalid" : null,
        "parentid" : "iEDNh42Sf",
        "previewSettings" : null,
        "radius" : 0,
        "radiusBottomLeft" : 0,
        "radiusBottomRight" : 0,
        "radiusIsRelative" : false,
        "radiusPerCorner" : false,
        "radiusTopLeft" : 0,
        "radiusTopRight" : 0,
        "replicaInfo" : null,
        "right" : null,
        "rotation" : 0,
        "top" : -369,
        "visible" : true,
        "width" : 414,
        "widthType" : 0
      },
      {
        "__class" : "CodeComponentNode",
        "aspectRatio" : null,
        "bottom" : null,
        "centerAnchorX" : 0,
        "centerAnchorY" : 0,
        "children" : [

        ],
        "clip" : true,
        "codeComponentIdentifier" : ".\/rnp-button.tsx_RNPButton",
        "codeComponentProps" : {
          "children_ours" : "button",
          "color" : "",
          "dark" : false,
          "mode" : "contained",
          "uppercase" : true
        },
        "codeOverrideEnabled" : false,
        "constraintsLocked" : false,
        "deviceType" : null,
        "exportOptions" : [

        ],
        "fillColor" : "rgba(255,255,255,1)",
        "fillEnabled" : false,
        "fillImage" : null,
        "fillImagePixelHeight" : null,
        "fillImagePixelWidth" : null,
        "fillImageResize" : "fill",
        "fillType" : "color",
        "height" : 40,
        "heightType" : 0,
        "id" : "jkHclUcZv",
        "intrinsicHeight" : 40,
        "intrinsicWidth" : 140,
        "left" : 1558,
        "locked" : false,
        "name" : null,
        "opacity" : 1,
        "originalid" : null,
        "parentid" : "iEDNh42Sf",
        "previewSettings" : null,
        "radius" : 0,
        "radiusBottomLeft" : 0,
        "radiusBottomRight" : 0,
        "radiusIsRelative" : false,
        "radiusPerCorner" : false,
        "radiusTopLeft" : 0,
        "radiusTopRight" : 0,
        "right" : null,
        "rotation" : 0,
        "top" : -303,
        "visible" : true,
        "width" : 140,
        "widthType" : 0
      },
      {
        "__class" : "CodeComponentNode",
        "aspectRatio" : null,
        "bottom" : null,
        "centerAnchorX" : 0,
        "centerAnchorY" : 0,
        "children" : [

        ],
        "clip" : true,
        "codeComponentIdentifier" : ".\/rnp-menu.tsx_RNPMenu",
        "codeComponentProps" : {
          "anchor" : [
            {
              "enabled" : true,
              "type" : "componentinstance",
              "value" : "hCyNrTa9Q"
            }
          ],
          "statusBarHeight" : 4
        },
        "codeOverrideEnabled" : false,
        "constraintsLocked" : false,
        "deviceType" : null,
        "exportOptions" : [

        ],
        "fillColor" : "rgba(255,255,255,1)",
        "fillEnabled" : false,
        "fillImage" : null,
        "fillImagePixelHeight" : null,
        "fillImagePixelWidth" : null,
        "fillImageResize" : "fill",
        "fillType" : "color",
        "height" : 40,
        "heightType" : 0,
        "id" : "U2USJJeBV",
        "intrinsicHeight" : 40,
        "intrinsicWidth" : 140,
        "left" : 1830,
        "locked" : false,
        "name" : null,
        "opacity" : 1,
        "originalid" : null,
        "parentid" : "iEDNh42Sf",
        "previewSettings" : null,
        "radius" : 0,
        "radiusBottomLeft" : 0,
        "radiusBottomRight" : 0,
        "radiusIsRelative" : false,
        "radiusPerCorner" : false,
        "radiusTopLeft" : 0,
        "radiusTopRight" : 0,
        "right" : null,
        "rotation" : 0,
        "top" : 127,
        "visible" : true,
        "width" : 140,
        "widthType" : 0
      },
      {
        "__class" : "CodeComponentNode",
        "aspectRatio" : 1,
        "bottom" : null,
        "centerAnchorX" : 1.036231884057971,
        "centerAnchorY" : 0.85461956521739135,
        "children" : [

        ],
        "clip" : true,
        "codeComponentIdentifier" : "@framer\/unsplash.unsplash\/.\/Unsplash.tsx_Unsplash",
        "codeComponentProps" : {
          "search" : "",
          "size" : "M"
        },
        "codeOverrideEnabled" : false,
        "constraintsLocked" : false,
        "deviceType" : null,
        "exportOptions" : [

        ],
        "fillColor" : "rgba(255,255,255,1)",
        "fillEnabled" : false,
        "fillImage" : null,
        "fillImagePixelHeight" : null,
        "fillImagePixelWidth" : null,
        "fillImageResize" : "fill",
        "fillType" : "color",
        "height" : 414,
        "heightType" : 0,
        "id" : "lMPK9TALL",
        "intrinsicHeight" : null,
        "intrinsicWidth" : null,
        "left" : 1680,
        "locked" : false,
        "name" : null,
        "opacity" : 1,
        "originalid" : null,
        "parentid" : "iEDNh42Sf",
        "previewSettings" : null,
        "radius" : 0,
        "radiusBottomLeft" : 0,
        "radiusBottomRight" : 0,
        "radiusIsRelative" : false,
        "radiusPerCorner" : false,
        "radiusTopLeft" : 0,
        "radiusTopRight" : 0,
        "right" : null,
        "rotation" : 0,
        "top" : 523,
        "visible" : true,
        "width" : 414,
        "widthType" : 0
      }
    ],
    "guidesX" : [

    ],
    "guidesY" : [

    ],
    "id" : "iEDNh42Sf",
    "name" : null,
    "originalid" : null,
    "parentid" : null,
    "tokens" : {
      "1ce8a50f-dd31-4e55-ba15-6c84854d5d0c" : {
        "__class" : "ColorTokenNode",
        "id" : "1ce8a50f-dd31-4e55-ba15-6c84854d5d0c",
        "name" : "body",
        "value" : "rgb(34, 34, 34)"
      },
      "2b6bfc32-829f-4814-be3b-60654e21a30e" : {
        "__class" : "ColorTokenNode",
        "id" : "2b6bfc32-829f-4814-be3b-60654e21a30e",
        "name" : "primaryLight",
        "value" : "rgb(238, 238, 255)"
      },
      "7caa12b7-f39b-4537-9c92-99aa1b26b588" : {
        "__class" : "ColorTokenNode",
        "id" : "7caa12b7-f39b-4537-9c92-99aa1b26b588",
        "name" : "paneBorder",
        "value" : "rgba(0, 0, 0, 0.1)"
      },
      "9e0626a5-2352-4f3d-a566-b3a1a34194dc" : {
        "__class" : "ColorTokenNode",
        "id" : "9e0626a5-2352-4f3d-a566-b3a1a34194dc",
        "name" : "paneBgDark",
        "value" : "rgb(253, 253, 253)"
      },
      "33a42542-13e4-4557-867a-b72815d965c1" : {
        "__class" : "ColorTokenNode",
        "id" : "33a42542-13e4-4557-867a-b72815d965c1",
        "name" : "bodyLighter",
        "value" : "rgb(102, 102, 102)"
      },
      "862a949e-bb2a-4675-a4ad-b7f07dfee5b4" : {
        "__class" : "ColorTokenNode",
        "id" : "862a949e-bb2a-4675-a4ad-b7f07dfee5b4",
        "name" : "dangerLight",
        "value" : "rgb(255, 221, 221)"
      },
      "09721c23-f483-439c-b215-c944db4cb740" : {
        "__class" : "ColorTokenNode",
        "id" : "09721c23-f483-439c-b215-c944db4cb740",
        "name" : "dangerDark",
        "value" : "rgb(255, 51, 68)"
      },
      "a8df0a83-9a4d-4a65-8b97-43d425169d4d" : {
        "__class" : "ColorTokenNode",
        "id" : "a8df0a83-9a4d-4a65-8b97-43d425169d4d",
        "name" : "primaryDark",
        "value" : "rgb(119, 68, 204)"
      },
      "c09024f7-9e50-4a71-a347-75d942c31fc1" : {
        "__class" : "ColorTokenNode",
        "id" : "c09024f7-9e50-4a71-a347-75d942c31fc1",
        "name" : "paneBg",
        "value" : "rgb(255, 255, 255)"
      },
      "dc87bb81-7419-4d7d-bc84-efea7652bca8" : {
        "__class" : "ColorTokenNode",
        "id" : "dc87bb81-7419-4d7d-bc84-efea7652bca8",
        "name" : "bodyLightest",
        "value" : "rgb(170, 170, 170)"
      },
      "e10fc84d-f05a-43b1-a3fc-dcfb01e5bf90" : {
        "__class" : "ColorTokenNode",
        "id" : "e10fc84d-f05a-43b1-a3fc-dcfb01e5bf90",
        "name" : "primary",
        "value" : "rgb(119, 85, 204)"
      },
      "ef2fa636-c420-4df3-b145-72d3e608a159" : {
        "__class" : "ColorTokenNode",
        "id" : "ef2fa636-c420-4df3-b145-72d3e608a159",
        "name" : "danger",
        "value" : "rgb(255, 68, 68)"
      },
      "ef047df5-f7ea-4b13-9a0c-c74f0fbe895f" : {
        "__class" : "ColorTokenNode",
        "id" : "ef047df5-f7ea-4b13-9a0c-c74f0fbe895f",
        "name" : "bodyLight",
        "value" : "rgb(68, 68, 68)"
      }
    },
    "tokensIndex" : [
      "c09024f7-9e50-4a71-a347-75d942c31fc1",
      "9e0626a5-2352-4f3d-a566-b3a1a34194dc",
      "7caa12b7-f39b-4537-9c92-99aa1b26b588",
      "e10fc84d-f05a-43b1-a3fc-dcfb01e5bf90",
      "a8df0a83-9a4d-4a65-8b97-43d425169d4d",
      "2b6bfc32-829f-4814-be3b-60654e21a30e",
      "ef2fa636-c420-4df3-b145-72d3e608a159",
      "09721c23-f483-439c-b215-c944db4cb740",
      "862a949e-bb2a-4675-a4ad-b7f07dfee5b4",
      "1ce8a50f-dd31-4e55-ba15-6c84854d5d0c",
      "ef047df5-f7ea-4b13-9a0c-c74f0fbe895f",
      "33a42542-13e4-4557-867a-b72815d965c1",
      "dc87bb81-7419-4d7d-bc84-efea7652bca8"
    ],
    "visible" : false
  },
  "version" : 54
}